ds,yhat,yhat_lower,yhat_upper
2023-09-10,31.991679936978667,25.133236001137163,39.304998826727484
2023-09-11,31.972708595308433,24.673031382031027,38.71397117028908
2023-09-12,32.831914425901715,25.874772264785292,39.39699699820463
2023-09-13,32.56656930299153,25.897787096945063,39.63562825866909
2023-09-14,32.644287463013946,26.15298579722264,39.76661120860934
2023-09-15,32.03675658954304,25.208840370825506,39.035906924148314
2023-09-16,33.003675067084146,26.28442513885624,40.177461470881816
2023-09-17,32.00006639725269,25.147058689491924,38.227252884512325
2023-09-18,31.981095055579395,25.085838533002065,38.52546702823534
2023-09-19,32.84030088617926,26.003583080919327,39.607439530163084
2023-09-20,32.57495576326655,25.92443093426213,39.59485638986964
2023-09-21,32.6526739232878,25.506429990843568,39.85165138914485
2023-09-22,32.04514304981552,25.353048314452334,38.523249523419146
2023-09-23,33.01206152735926,25.84037952666878,39.86971626470138
2023-09-24,32.008452857526706,25.286628735858283,39.29076748708497
2023-09-25,31.989481515855744,24.97541408693789,39.027001015036205
2023-09-26,32.84868734645184,26.132622880230205,39.87067233594826
2023-09-27,32.58334222354153,25.52646937987068,39.59078754474616
2023-09-28,32.661060383561654,25.386268258056017,39.44351351334664
2023-09-29,32.05352951009044,24.711211254804905,39.28928389248042
2023-09-30,33.02044798763119,26.540861153555177,39.951939854001495
2023-10-01,32.01683931779834,24.61430317858682,38.583071548740975
2023-10-02,31.9978679761294,25.16717979869783,38.60236506445993
2023-10-03,32.85707380672442,25.988530820810727,40.114129223211116
2023-10-04,37.19905348183975,30.346189793328122,44.256394221825474
2023-10-05,37.23768843988191,30.20676912025987,44.43157778367806
2023-10-06,48.79000396443398,42.27933332286142,55.73296774472675
2023-10-07,33.02883443999908,25.707455293423838,39.32918637716068
2023-10-08,32.02522576819107,25.201980978430324,38.89011023031351
2023-10-09,32.00625442454061,25.120169073544425,38.85942940518327
2023-10-10,32.86546025316432,25.91556974095019,40.18366525623128
2023-10-11,32.60011512827361,25.17004046730387,39.95146797934564
2023-10-12,32.67783328631742,25.672907964740038,39.28650360786678
2023-10-13,32.07030241086883,24.884439861283123,38.89666326733487
2023-10-14,33.03722088643656,26.355206373794037,39.80501717371426
2023-10-15,32.033612214625066,25.577854191811042,39.399921956607294
2023-10-16,32.01464087097663,24.602815026775552,38.39141000865808
2023-10-17,32.87384669959927,26.0090858641614,39.38152207945386
2023-10-18,32.608501574711,26.10852824261305,39.82399932471656
2023-10-19,32.68621973275588,25.650874428985887,39.0286273884493
2023-10-20,32.07868885730514,25.021635800259766,38.96444885002251
2023-10-21,33.04560733287086,26.22852715032949,39.7705951102583
2023-10-22,32.04199866106383,25.429474973120914,38.693907782794554
2023-10-23,32.02302731741265,25.039295898862047,39.2799576717461
2023-10-24,32.88223314603381,26.423540262087233,39.84212545897514
2023-10-25,32.61688802114839,25.83065826010311,39.57302804191127
2023-10-26,32.69460617919139,25.57912856573457,40.03367908190506
2023-10-27,32.087075303741955,25.369598992149868,39.026054718963294
2023-10-28,33.05399376233831,25.6676883739433,39.5809972652804
2023-10-29,32.0503850735578,25.045874636605735,39.41815951075337
2023-10-30,32.0314137129386,25.228255940413945,38.51683031343196
2023-10-31,32.89061952458868,26.203794421619033,39.9430497567524
2023-11-01,32.625274382732144,26.118776398368272,39.82732354969553
2023-11-02,32.70299252380819,25.86163587662572,39.88976698182337
2023-11-03,32.0954616313886,25.289988867188523,39.168760101082746
2023-11-04,33.062380089984536,26.015671174291423,39.74343184606143
2023-11-05,32.05877140120914,25.25207296953242,39.04813705728051
2023-11-06,32.03980004058716,24.933392885915946,38.83236832203587
2023-11-07,32.899005852235945,25.825570860767524,39.926213550061945
2023-11-08,32.63366071037938,25.633049844319746,39.53190980160437
2023-11-09,32.71137885145507,25.57969768284426,39.32299683181009
2023-11-10,32.10384795903526,24.98895048388852,38.99918321332182
2023-11-11,33.07076641763186,26.00273787984962,39.58967096038852
2023-11-12,32.06715772885299,24.935897066674876,39.17916368415081
2023-11-13,32.048186368230326,24.783015097557744,39.40203462496672
2023-11-14,32.907392179883225,25.90228943866766,39.65215651466337
2023-11-15,32.64204703802657,25.832114983619988,39.50263502202598
2023-11-16,31.51393197910114,24.370061304146617,38.033386009991865
2023-11-17,29.540803086681414,22.672930440215158,36.89402963689695
2023-11-18,25.683504745277595,19.19819345529157,32.1046305820451
2023-11-19,32.07554405649684,25.78629717569923,39.117264604791394
2023-11-20,32.05657263102393,25.197664409357834,39.40248553033124
2023-11-21,32.915778377823834,25.921779729448964,40.09987577742314
2023-11-22,32.650433171112034,25.754247944385476,39.329114389449025
2023-11-23,32.72815124733317,26.053070641105293,39.76195887960042
2023-11-24,32.1206202900619,26.022105299924892,39.21142859165723
2023-11-25,33.08753868380334,26.0837801861923,40.31106643221392
2023-11-26,32.083929930172125,24.93236905635258,38.79055225891657
2023-11-27,32.06495850469648,25.078556315263082,39.054810382323296
2023-11-28,32.924164251495306,25.12157213767352,39.98249257120079
2023-11-29,32.658819044784195,25.513611720123837,40.193579542469735
2023-11-30,32.73653712100521,25.478568467880454,39.505155577829434
2023-12-01,32.12900616373278,24.742174163865545,38.60210425692423
2023-12-02,33.09592455747466,25.96917269197588,39.54562757596743
2023-12-03,32.092315803842666,25.162788927727657,39.62323928110265
2023-12-04,32.073344378371715,24.596455582447486,38.896750596778496
2023-12-05,32.93255012517174,25.802211290016178,39.34836797124391
2023-12-06,32.667204918458054,25.912620620189752,40.095579107546264
2023-12-07,32.74492299467868,25.827453877938485,39.29454560013475
2023-12-08,32.137392037406116,24.786911419524394,38.847807522378666
2023-12-09,33.104310431148654,26.529805469527165,39.449171900024254
2023-12-10,32.100701677515566,25.261490418331356,39.172596147084235
2023-12-11,32.08173025204696,25.021698204978893,38.96485398080868
2023-12-12,32.940935998840324,26.263862658688215,40.07785604219297
2023-12-13,32.67559041719097,25.96104051142518,39.208360327988366
2023-12-14,32.75330811847225,25.475172934248715,39.20466020932628
2023-12-15,32.14577678626126,25.3479549647765,38.87874345534357
2023-12-16,33.11269480506414,26.18114101920433,39.96421845674885
2023-12-17,32.10908567649505,25.66110811062674,39.60154999347941
2023-12-18,32.0901138760814,25.464879786685962,39.010538322630815
2023-12-19,32.94931924794212,25.672824301545084,39.49998054867945
2023-12-20,32.683973666290264,26.232005988768655,39.559210039965336
2023-12-21,32.76169136757037,25.66751779073515,39.26876280895473
2023-12-22,32.15416003535947,25.409313597432032,39.21636624744642
2023-12-23,33.121078054163505,26.230553225481263,40.35345796463086
2023-12-24,32.11746892559332,24.95256206778995,39.13972616018941
2023-12-25,32.09849712518202,24.99428335068906,38.897025558176075
2023-12-26,32.957702497038966,26.174634751145224,39.47361035909351
2023-12-27,32.692356915387776,25.6600579610924,39.920776346143846
2023-12-28,32.77007461667001,25.710697812549398,39.737616205648884
2023-12-29,32.16254328445866,25.12369127846585,39.32308452988565
2023-12-30,33.1294613032597,26.570795764079776,40.40493091513759
2023-12-31,32.12585217468923,25.070026358786848,39.146285923840274
2024-01-01,32.10688037427993,25.221749443657565,39.53692904511149
2024-01-02,32.9660857461354,26.28973718356847,39.636607151166764
2024-01-03,32.70074016448707,25.741230602882233,39.23088406007458
2024-01-04,32.77845786576813,25.991642140946997,39.31923319122047
2024-01-05,32.17092653355589,25.40684603800878,38.91082431425203
2024-01-06,33.13782858038099,26.712612481549,40.40628322690738
2024-01-07,32.134203479831335,24.59324734425869,39.102186738835
2024-01-08,32.11521570744198,25.166644736090323,38.75706548702893
2024-01-09,32.97440510732239,25.69467610679736,40.157806121002515
2024-01-10,32.70904355369241,25.986628633985504,40.09414643369376
2024-01-11,32.786745282997046,25.699466644808076,39.905578354969336
2024-01-12,32.17919797880752,25.427603620868297,38.99025016908422
2024-01-13,33.14610002563269,26.59517694350217,40.35066041137605
2024-01-14,32.14247492508067,25.28496812910904,39.05711464835374
2024-01-15,32.12348715269332,25.219725504157566,38.902206759436375
2024-01-16,32.982676552575136,25.927083592885754,40.25107854368636
2024-01-17,32.71731499894513,25.808729716806944,39.536467451884846
2024-01-18,32.79501672824859,26.56604914536541,39.4091555413631
2024-01-19,32.18746942405917,25.065778057835683,39.49965632552783
2024-01-20,33.1543714708839,25.771180731736706,40.00919446188765
2024-01-21,32.150746370334744,25.143445701853306,39.33913735788648
2024-01-22,32.13175859794466,25.05770045347595,39.072002945859495
2024-01-23,32.990947997825415,25.966811977569414,39.54727252234511
2024-01-24,32.72558644419778,25.632044918344604,39.82170400757502
2024-01-25,32.803288173499425,25.949106706203438,39.46170551920198
2024-01-26,32.19574086931128,25.212985835494624,39.03888628878759
2024-01-27,33.162642916135106,26.012227487576492,39.875493030575505
2024-01-28,32.15901781558407,25.62293710428546,39.25694045289997
2024-01-29,32.13994547053685,25.70124193640693,39.19174449962199
2024-01-30,32.99905029776062,26.55862737765366,39.85247456588164
2024-01-31,32.733604171476124,26.130959000678423,39.545890291730274
2024-02-01,32.81122132812377,25.770305797144797,39.87630465211349
2024-02-02,32.20358945127574,25.47010772136797,39.260769499407445
2024-02-03,33.1704069254427,25.883564531062984,40.51526281727499
2024-02-04,32.16669725223577,25.137786555260554,39.525713213145984
2024-02-05,32.14762490718814,24.999858722432926,38.380148392755096
2024-02-06,33.00672973441062,26.495454704514586,39.56812724872644
2024-02-07,32.74128360812432,26.051853251570506,39.35906291645358
2024-02-08,32.81890076477186,25.67219072824326,39.582043065547566
2024-02-09,32.21126888792316,25.233622426957712,39.48172694541167
2024-02-10,33.17808636209275,26.97391364584537,39.86878148457592
2024-02-11,32.17437668888473,25.088270005581755,38.694436857552105
2024-02-12,32.15530434383405,25.516081767039925,39.42886679381444
2024-02-13,33.01440917106063,25.95388470306138,39.73894837159913
2024-02-14,32.7489630447743,25.54457654268867,39.608463011748455
2024-02-15,32.82658020142067,26.24266894649311,39.35010385118876
2024-02-16,32.21894832457206,25.486223976256696,40.028861500272434
2024-02-17,33.185765798741215,26.222433562519697,40.326618905346905
2024-02-18,32.1820561255337,25.29355454043183,39.21886264143985
2024-02-19,32.16298378048534,24.919979626912887,38.99443437321913
2024-02-20,33.02208860770775,25.868258748023255,39.99822870742893
2024-02-21,32.75664215493907,25.949391977260873,39.554291206094895
2024-02-22,32.83425898509835,26.19846797054004,40.015477747013264
2024-02-23,32.22662678176632,25.122012193655518,39.01758367015351
2024-02-24,33.19344392944886,26.264444731776056,39.9641353609314
2024-02-25,32.18973392975936,24.90104162066425,38.633735381747776
2024-02-26,32.17066125822271,25.88066504878592,39.412785835975626
2024-02-27,33.02976575895884,26.365696581307063,40.57464539756112
2024-02-28,32.76431930619078,26.249674678980895,40.008891711467086
2024-02-29,32.84193613635072,26.08118946771762,40.01371668898342
2024-03-01,32.23430393301878,24.925561027362146,38.759370503870144
2024-03-02,33.20112108070139,25.82215156054565,40.28131616194142
2024-03-03,32.1974110810119,25.441145166901332,38.55188749109952
2024-03-04,32.17833840947756,24.74808808004963,38.907619784211086
2024-03-05,33.037442910214885,25.965758432559348,40.353410962848365
2024-03-06,32.77199645744078,25.647640315323436,40.13107420810787
2024-03-07,32.849613287604605,26.47058095230751,40.1415289280943
2024-03-08,32.24198108427173,25.65392500362314,38.981468579547766
2024-03-09,33.20879823195501,26.550424532986266,40.04651090960589
2024-03-10,32.205088232262035,25.308469843989098,39.63398344314225
2024-03-11,32.18601556072972,25.05021203165601,38.688502202828886
2024-03-12,33.04512006146597,26.94048653087506,39.548269254939214
2024-03-13,32.77967360869432,25.520671965490013,39.46554891283651
2024-03-14,32.85729043885698,25.808982580003256,39.38165442766584
2024-03-15,32.24965823552419,25.749651326757384,39.07960096122979
2024-03-16,33.21647536862956,26.14644808334002,40.209072744597144
2024-03-17,32.21276535436517,25.151030948894327,39.170075064772725
2024-03-18,32.19369266825261,25.680589639798445,39.3092300346129
2024-03-19,33.052797154416,26.082107105740327,39.829295274055745
2024-03-20,32.787350687068425,26.021447900211513,39.52097772869572
2024-03-21,32.864967502653315,25.606837554868207,39.72737478504119
2024-03-22,32.25733528474594,25.178671641752796,39.14766923296869
2024-03-23,33.22415241785248,25.85046023125348,39.79773416836079
2024-03-24,32.22044240358413,25.33710062827334,39.13414149117181
2024-03-25,32.20136971747357,25.151606183627635,39.16541891711285
2024-03-26,33.0604742036359,26.27159864164098,39.599784096102915
2024-03-27,32.79502773628899,25.563217094801907,39.25579230249968
2024-03-28,32.872644551875204,26.04856819498496,39.83279286867667
2024-03-29,32.265012333965736,25.357176273653298,38.81456472107362
2024-03-30,33.23182946707173,26.25167937995229,40.45533185425796
2024-03-31,32.22811945280308,25.592208467833007,40.24309423573406
2024-04-01,32.20904676669724,24.912024595701414,38.7812597478559
2024-04-02,33.06815125285787,26.055667830375707,40.191235133763435
2024-04-03,32.80270478551305,25.332907154328726,39.607023818279984
2024-04-04,32.88032160109566,25.514778104949606,39.0859679583424
2024-04-05,32.27268938318749,24.748409335657673,39.27144284444905
2024-04-06,33.23950651629415,26.00817050953656,39.893331735262926
2024-04-07,32.235796502024414,25.49805370644985,38.962462059037684
2024-04-08,32.21672381795073,25.353967182817996,39.77926529132831
2024-04-09,33.075828306150676,26.18699892844227,39.95565758840625
2024-04-10,32.81038184083751,25.88507164224417,39.96249674355641
2024-04-11,32.88799865845699,25.95096446005099,39.69280519488645
2024-04-12,32.28036644258532,24.87202007739788,39.15692531602395
2024-04-13,33.24718357772628,25.853253982673582,40.06221329835859
2024-04-14,32.24347356549261,25.4117021244121,39.23594901266117
2024-04-15,32.224400881420905,25.422401320686692,39.1069186689859
2024-04-16,33.08350536961956,25.959879203488153,40.235162735844455
2024-04-17,32.818058904306355,26.254453819902963,40.25455087820074
2024-04-18,32.895675721924675,26.217617747951664,39.569296159297664
2024-04-19,32.28804350605163,25.586730735491017,39.49456789512577
2024-04-20,33.25486064119362,26.503966381159913,40.24316223288898
2024-04-21,32.251150628962826,25.475710688167304,39.28668177840798
2024-04-22,32.232077944891074,25.567619033584677,38.78685465574535
2024-04-23,33.09118243308596,25.9943701148306,40.02518779951916
2024-04-24,32.82573596777345,25.718398851435197,40.2305435572581
2024-04-25,32.90335278539316,26.013102708173566,39.150501562859596
2024-04-26,32.2957205695194,25.594120850379515,38.8408109638362
2024-04-27,33.26253770466097,26.060978341147198,40.61630930117983
2024-04-28,32.25882769242829,26.02321028755117,38.805412232005345
2024-04-29,32.23975500835424,25.076276692630763,38.60778234084222
2024-04-30,33.09885949655196,26.272433335023532,39.669690868037286
2024-05-01,32.833413027650835,25.848617240637857,39.667169429017754
2024-05-02,32.91102984168217,25.700833359356206,39.237446987901116
2024-05-03,32.30339762221909,25.150992059031836,39.37669361603553
2024-05-04,33.27021475377115,26.42368956000134,39.94518844199607
2024-05-05,32.2665047379477,25.314031683144997,39.07021755914636
2024-05-06,32.24743205028627,25.639836622852293,39.086594677815704
2024-05-07,33.10653653489055,25.69880905929404,40.13446187232259
2024-05-08,32.8410900659901,25.92264885611774,39.92099666348464
2024-05-09,32.91870688002133,25.94541265746322,40.13146969555181
2024-05-10,32.31107466055904,25.333819617010835,39.15553186231826
2024-05-11,33.27789179211117,26.451478774908225,40.20891767304047
2024-05-12,32.27418177628772,25.81625766507116,38.9644562374915
2024-05-13,32.25510908862324,25.795248412459628,39.0047193882312
2024-05-14,33.11421357323409,26.520183520661284,40.15367225290241
2024-05-15,32.84876710433113,25.558481288431942,39.841552881226924
2024-05-16,32.92638391836343,25.59718234150783,39.90981664597244
2024-05-17,32.31875169889901,25.671894562052273,39.17411461626314
2024-05-18,33.285568830452284,26.504171280270324,39.910659843419495
2024-05-19,32.28185881462774,24.582442135302067,38.767715994384325
2024-05-20,32.262786126965594,24.649988024694032,38.62979972972765
2024-05-21,33.12189061157269,26.243181856288956,40.803450026330566
2024-05-22,32.85644414267211,25.896747474303133,39.425161829737704
2024-05-23,32.93406095670258,25.56667105998871,39.60652710363257
2024-05-24,32.326428737239944,25.546762085648194,38.89973074283544
2024-05-25,33.293245867664695,26.336355090848063,40.44190993840102
2024-05-26,32.28953585071942,24.787942260699673,39.22574307506793
2024-05-27,32.27046316192702,24.655318408019774,38.78368541104739
2024-05-28,33.129567645409104,26.152949060824408,40.03427545871793
2024-05-29,32.864121175385435,25.89475015715704,39.944249878982504
2024-05-30,32.94173798828919,25.652013606857086,39.740017584008555
2024-05-31,32.3341057677011,25.639928370960096,39.24583128166146
2024-06-01,33.300922898127006,26.36878769513561,40.23318149714117
2024-06-02,32.29721288118064,25.32895461416774,39.13152734199298
2024-06-03,32.278140192390566,25.102407824854307,39.11317463533578
2024-06-04,33.137244675873845,26.21186809009748,39.99254446976291
2024-06-05,32.87179820584413,26.217408869984535,39.868107525937575
2024-06-06,32.94941501875025,25.201833115538484,39.67131696699554
2024-06-07,32.34178279816078,25.563291046815678,39.47106356228982
2024-06-08,33.30859992858932,25.978587320696686,40.32068246268194
2024-06-09,32.30488991163948,24.797999121650363,39.47806833923274
2024-06-10,32.28581722285142,24.880430642602896,39.26312146886428
2024-06-11,33.14492170633363,26.22266634077721,39.8804315834528
2024-06-12,32.879475236306305,25.737813709195663,39.86862835434943
2024-06-13,32.95709204921131,25.73705783970861,40.308937245377784
2024-06-14,32.34945982862193,25.693156879847912,38.80658662079489
2024-06-15,33.31627695904845,27.23018950757559,40.19763055735242
2024-06-16,32.312566942103075,25.628048462475245,39.43502233417159
2024-06-17,32.29349424928591,25.092652751026737,38.98186779539193
2024-06-18,33.15259872874028,25.523738732469265,40.06716398398342
2024-06-19,32.88715225468766,25.865626108896166,39.069562044305265
2024-06-20,32.964769063566195,26.01971868054687,39.63315292518166
2024-06-21,32.35713683895174,25.274562348869658,39.156747534395855
2024-06-22,33.32395396535256,26.500043913073686,40.366352563887396
2024-06-23,32.32024394438008,25.22847578072677,39.3010073904023
2024-06-24,32.30117125156219,25.37750008919869,38.943495827325364
2024-06-25,33.16027573101549,25.844886598680127,39.85704072443188
2024-06-26,32.89482925696532,25.930439006642615,39.57738358733995
2024-06-27,32.9724460658434,25.565567765903786,39.551656710128995
2024-06-28,32.36481384122881,25.76952021579548,38.906162513660455
2024-06-29,33.33163096762761,27.126819847877325,40.465115554506255
2024-06-30,32.32792094665673,25.22876610625405,39.71873715678208
2024-07-01,32.30884825384117,24.991387719749408,38.541145036799655
2024-07-02,33.167952733293184,26.053506526984616,39.71339979000271
2024-07-03,32.902506259242976,26.056378053639367,40.14478223631471
2024-07-04,32.98012306812069,25.91076575550974,40.184730748500954
2024-07-05,32.37249084350588,25.426662980550336,39.559304330415785
2024-07-06,33.33930796990536,26.041854140783943,40.334774314921546
2024-07-07,32.33559794893101,25.59375920035063,39.068059614913565
2024-07-08,32.316525256114765,25.82231267750624,39.44854794910287
2024-07-09,33.17562973557047,25.84691291810136,39.63694948220889
2024-07-10,32.91018326148598,26.09532924127181,39.733829652052385
2024-07-11,32.98780007033495,26.301644438707694,40.103771674334716
2024-07-12,32.38016784568911,25.48678665172567,39.468004794049094
2024-07-13,33.34698497205705,26.34180190380189,40.06949003761173
2024-07-14,32.34327495104969,25.342395158803253,39.845713963426675
2024-07-15,32.324202258205425,25.491790119645295,39.2623263851062
2024-07-16,33.183306737630346,26.346709485134937,39.7843769636071
2024-07-17,32.91786026354583,26.008485992690417,40.111999804014275
2024-07-18,32.995477072392916,26.255942245344073,39.77544390607964
2024-07-19,32.38784484774886,25.18510493718053,39.61729475479185
2024-07-20,33.35466197411588,26.573393866559442,40.50984805889062
2024-07-21,32.35095195311091,25.139688178758103,39.13228126009053
2024-07-22,32.33187926026389,25.434297807305043,39.139531556382984
2024-07-23,33.190983739687745,26.1888087916217,40.13800731212373
2024-07-24,32.92553726560391,26.16705646721107,39.98872215416135
2024-07-25,33.00315407445089,25.555584491218216,40.39496218402
2024-07-26,32.395521849805675,25.110114236580745,39.00089677548531
2024-07-27,33.36233897617422,26.47271949147813,40.18186416999637
2024-07-28,32.35862895516737,25.24670933184344,39.207173480073344
2024-07-29,32.33955626232507,25.17340184218029,39.00401933063151
2024-07-30,33.198660741747624,26.161270718745048,39.74936391462884
2024-07-31,32.93321426766369,25.525511085060533,39.92499153003887
2024-08-01,33.01083107651027,25.322834374258708,39.5395684311868
2024-08-02,32.403198855668435,25.40160904310809,39.13047607434935
2024-08-03,33.3700159858402,26.625591349114405,40.315660479542075
2024-08-04,32.366305968635274,25.472394152212903,39.87064711062424
2024-08-05,32.34723327959832,25.642392323939696,39.401454301247824
2024-08-06,33.20633776282015,26.44506796896431,40.64845498949792
2024-08-07,32.940891292539916,25.87100833799064,39.62806787873837
2024-08-08,33.0185081051894,25.958840309700506,39.851765205023455
2024-08-09,32.41087588434838,25.68175519433223,39.93689199137519
2024-08-10,33.3776930145197,26.52617748990249,39.86676597381838
2024-08-11,32.373982997318,25.910387286299652,39.03621353058788
2024-08-12,32.35491030827095,25.170767084589862,39.44916530934903
2024-08-13,33.21401479150367,26.091015119632818,40.36661746672584
2024-08-14,32.94856832122093,25.99120568701787,39.699365579027074
2024-08-15,33.02618513386925,26.27710542744001,39.92895588570691
2024-08-16,32.418552913026836,25.18298640971371,38.9435648119904
2024-08-17,33.38537004320079,26.54565337399595,40.59911954138147
2024-08-18,32.381660025998016,25.564721659640156,39.51216271106652
2024-08-19,32.36258733695059,25.35484729040917,39.46022308647797
2024-08-20,33.22169182018223,26.176019002338244,40.38921179025221
2024-08-21,32.95624534990017,25.691189911221326,39.551228310092796
2024-08-22,33.033862162550605,26.07726721199991,39.42573504420023
2024-08-23,32.42622994170726,25.44117870283171,39.03970058458936
2024-08-24,33.39304707187871,26.644194770601608,39.82409812717017
2024-08-25,32.389337054675636,25.246749320209,38.69902925138982
2024-08-26,32.37026435509138,25.780360153567877,39.19179102653555
2024-08-27,33.229368827777314,26.229508074213282,39.85697579581979
2024-08-28,32.96392234695657,26.071751699688047,40.022868919194735
2024-08-29,33.0415391490643,26.344758130509145,39.975718922896746
2024-08-30,32.43390691767999,25.475391850011825,39.19538663134091
2024-08-31,33.40072403731057,26.83499563819991,40.230963510498675
2024-09-01,32.39701400956486,25.24995383215442,39.6236131397455
2024-09-02,32.37794130998294,25.36935684915497,39.829975880872375
2024-09-03,32.03121258266758,25.250241749611405,38.861372976519036
2024-09-04,30.400168101843263,23.562666440711705,37.45110933067917
2024-09-05,25.653568103953354,18.703341016382325,33.01330875037571
2024-09-06,32.44158387256915,25.33988405339088,39.10549936197479
2024-09-07,33.40840099219979,26.16286000981811,39.76281457454374
2024-09-08,32.40469096445681,25.309310803419752,39.262094582339536
2024-09-09,32.38561826487179,25.891950438222214,39.27987364204351
2024-09-10,33.244722737557844,26.053636636576975,39.94460189984118
2024-09-11,32.9792762567335,26.451538111702337,39.994225026347074
2024-09-12,33.05689305884394,26.261184381051855,39.40074545245487
2024-09-13,32.4492608274583,25.367912544176843,39.57451929263589
2024-09-14,33.41607794708852,26.834713475909606,40.40557243535077
2024-09-15,32.41236791934842,25.3412597385616,38.90364434149998
2024-09-16,32.39329521976065,25.69651111564558,39.43567482694382
2024-09-17,33.252399692445636,26.14039306687602,40.21739280044758
2024-09-18,32.986953209406344,25.8379965616526,40.10558087174576
2024-09-19,33.06457000929764,26.31191394271848,39.98056211078845
2024-09-20,32.45693777569598,25.619349881093022,39.42243931777651
2024-09-21,33.42375489310795,26.250174221634207,40.427245631652426
2024-09-22,32.42004486314865,25.79926472988556,39.9614010563725
2024-09-23,32.40097216134396,25.131129667625657,39.26525563055926
2024-09-24,33.26007663181216,26.40380455105503,40.00174830523062
2024-09-25,32.99463014877355,26.280531683597644,39.64923339882534
2024-09-26,33.072246948666155,25.972738856837374,39.971105463900265
2024-09-27,32.464614715064364,25.805521878134925,39.823600062142276
2024-09-28,33.431431832477,26.187752766646465,40.41650806898132
2024-09-29,32.42772180251661,25.825033119514273,38.71028938125516
2024-09-30,32.40864910071425,26.237749152382072,39.2086812682032
2024-10-01,33.26775357118117,26.458394105764246,40.021055031218545
2024-10-02,33.00230708814075,26.062999424785968,40.52974710925289
2024-10-03,33.07992388803326,25.88636681813147,39.47467508244445
2024-10-04,32.47229165443079,25.893054024073198,39.302071921629675
2024-10-05,33.43910877184606,26.55275107968599,40.506211993252236
2024-10-06,32.43539874188219,25.125468911542505,38.85401616016868
2024-10-07,32.416326040079156,26.016815656833273,39.30306969497935
2024-10-08,33.27543051055017,26.288647826529946,39.99668401197836
2024-10-09,33.00998402750968,25.79857938570573,40.18078954604168
2024-10-10,33.08760082740106,25.80593766801349,39.70405413465384
2024-10-11,32.47996858883914,25.379186207017913,39.62919187280397
2024-10-12,33.446785701293344,26.065976571697906,40.39422600014473
2024-10-13,32.44307566637152,25.14773139198311,39.09872485317084
2024-10-14,32.424002959611265,25.282077566870665,38.827324578911146
2024-10-15,33.28310742511856,26.574198011083183,40.599020885978696
2024-10-16,33.01766093711961,26.208839582122,39.753324372800385
2024-10-17,33.09527773205133,25.554630982040685,40.075534397725505
2024-10-18,32.487645493491186,25.775542840210957,39.52549587044257
2024-10-19,33.45446260594239,26.309935429399125,40.55580065334553
2024-10-20,32.4507525710254,25.90286448882396,39.29461808342429
2024-10-21,32.43167986426204,25.230932643688046,39.53753513852195
2024-10-22,33.29078432977075,26.710537484898616,40.64730627788999
2024-10-23,33.02533784177175,25.1317855072072,39.663136815551205
2024-10-24,33.102954636702314,26.22517837242654,40.46787861785562
2024-10-25,32.495322398142264,25.62867083174109,39.122643984842114
2024-10-26,33.462139510594625,26.352699752715218,40.99468025618485
2024-10-27,32.45842947567653,25.763819675071332,39.71106705542887
2024-10-28,32.43935676891551,25.590641147191494,39.51092431242133
2024-10-29,33.29846123442294,25.78475828453417,39.91602552647373
2024-10-30,33.03301474642037,25.896491259716445,39.89888847141225
2024-10-31,33.11063154135481,26.179055327546383,39.60998280929781
2024-11-01,32.50299930279383,25.361211156456367,39.46820343295327
2024-11-02,33.46981641524686,26.42489840269508,40.347964160795556
2024-11-03,32.4661063803253,25.41550606151034,39.307966801175986
2024-11-04,32.447033672617245,25.309524272926403,39.521078021112494
2024-11-05,33.306138137171665,26.35616531650563,39.98323117664239
2024-11-06,33.04069164822539,26.406372970161446,39.735640402432104
2024-11-07,33.118308442209624,26.250159738471236,39.87918455267539
2024-11-08,32.510676202698214,24.717609295741877,39.227432641543324
2024-11-09,33.47749331420325,26.490118263968156,39.914649976021266
2024-11-10,32.47378327833552,25.388040321746736,39.043964520018775
2024-11-11,32.4547105706231,26.04320527084858,39.4410808651263
2024-11-12,33.31381503518303,26.02886282730435,40.205601741307646
2024-11-13,33.048368546234244,26.18611512987511,40.46330811580804
2024-11-14,33.125985340216594,26.177327288834793,39.971625204603676
2024-11-15,32.518353100706484,25.99166872546546,39.42119820215954
2024-11-16,33.48517021221268,26.715991552452437,40.57780273275079
2024-11-17,32.48146017634098,25.604007737889454,39.2734041128875
2024-11-18,32.462387468630574,25.404744913523608,39.00769196719672
2024-11-19,33.321491933189435,26.574039552918972,40.00693990691038
2024-11-20,33.05604544424132,26.876608665413055,39.8538019374432
2024-11-21,33.133662238224986,26.334818169381133,40.032546127930324
2024-11-22,32.52602999871475,25.778513943547928,39.52984365934965
2024-11-23,33.492847110218435,26.164428564348327,39.939915538448396
2024-11-24,32.48913707434644,25.55008146813114,39.19606345425423
2024-11-25,32.470064366638056,24.755380178642888,39.161584440060224
2024-11-26,33.32916883119831,26.141407338603653,40.17055031605087
2024-11-27,33.0637223429096,25.931332847829538,40.271360930802366
2024-11-28,33.14133913754739,26.25209548263092,40.248854662877186
2024-11-29,32.53370689869615,25.093263895420794,38.93547333070643
2024-11-30,33.50052401085823,26.47630491358867,40.062649462594905
2024-12-01,32.49681397564286,25.36384792947069,39.3087689556116
2024-12-02,32.4777412685902,25.53283603701764,39.4908948725744
2024-12-03,33.33684573381121,26.208121625981267,39.971047049234194
2024-12-04,33.071399245518926,25.881876434543635,40.083268641871115
2024-12-05,33.14901604016131,26.80903141133553,40.235380166728774
2024-12-06,32.54138380130793,25.967640657694737,39.93365331635421
2024-12-07,33.50820091346958,26.579084543721635,40.80430679593414
2024-12-08,32.50449087825507,25.374195754132863,38.94964343289963
2024-12-09,32.48541817120439,25.470927349123986,39.17847678822209
2024-12-10,33.3445226364241,26.35435185358381,40.22381440359625
2024-12-11,33.07907614813178,26.38435302686272,40.349437791005066
2024-12-12,33.15669294277229,26.226284367954122,39.691993441927806
2024-12-13,32.54906070391825,25.598240595616428,39.979726117935094
2024-12-14,33.51587781608094,26.047909680160465,40.81885540724234
2024-12-15,32.5121677808693,25.750965589614704,39.42287698952412
2024-12-16,32.49309507381317,26.106121888343758,39.827332328986245
2024-12-17,33.35219953903452,26.2488266317084,40.196410255970896
2024-12-18,33.086753050742885,26.33249301648924,39.97667077814737
2024-12-19,33.16436984538328,26.377461099605668,39.59221237110037
2024-12-20,32.55673760588759,25.69537604706607,39.402202497564346
2024-12-21,33.5235547174074,26.77935138896171,41.17203511775478
2024-12-22,32.51984468155381,25.362005683699255,39.43006559614991
2024-12-23,32.500771973857574,25.52404321916732,39.6423732078803
2024-12-24,33.3598764384323,26.62251740434793,39.9320692784308
2024-12-25,33.0944299494993,26.121410243024574,40.23380067345706
2024-12-26,33.172046743498555,26.06594196401695,40.60075982923499
2024-12-27,32.56441450400323,25.361728860064364,39.39053146406553
2024-12-28,33.531231615523225,26.041193323701368,40.86538859156213
2024-12-29,32.52752157967127,25.89261599316611,39.26160202267004
2024-12-30,32.50844887197463,25.762294474778614,39.847260789367304
2024-12-31,33.36755333654559,26.659293572193786,40.30989718307445
2025-01-01,33.10210684761327,26.290190312743402,40.24676936894167
2025-01-02,33.17972364161241,26.17056105002562,40.24840883620052
2025-01-03,32.57209140211789,25.835446120038547,39.58709275992627
2025-01-04,33.53890851363795,26.668725016957396,40.6117401327758
2025-01-05,32.53519847778362,26.161532830155856,39.40241466809051
2025-01-06,32.5161257700863,25.337719423417106,39.32676567964142
2025-01-07,33.375230234663846,26.025850478061866,40.40163277378879
2025-01-08,33.10978374572895,25.985932749803705,40.12649573470595
2025-01-09,33.1874005397285,25.735418970726897,39.953746592253275
2025-01-10,32.57976830023255,25.65563673464838,39.23220707133958
2025-01-11,33.54658541175377,26.78201855354475,40.651828265429096
2025-01-12,32.54287537589835,25.725543323360192,39.38505020135041
2025-01-13,32.52380266854848,25.51320757838511,39.40475617397368
2025-01-14,33.382907133467384,26.283492953837605,40.03564042178829
2025-01-15,33.11746064487828,26.1963489644172,39.917127290558234
2025-01-16,33.19507743922284,26.020183958075393,40.37933595693343
2025-01-17,32.587445200073795,25.74390633713442,39.17865651436928
2025-01-18,33.554262311935545,27.051180698115164,40.91284999367863
2025-01-19,32.55055227642892,24.962954370585173,39.72919096674363
2025-01-20,32.53147956907707,25.126977310193833,39.40903131175139
2025-01-21,33.39058403399651,26.256233675000832,40.33592766278952
2025-01-22,33.125137545409856,25.88716991540756,40.48932609157648
2025-01-23,33.202754339753255,26.006557136663577,40.00749088228141
2025-01-24,32.59512210060429,25.49146180848178,39.11928867051471
2025-01-25,33.5619392124677,26.722470684106266,40.80662422000534
2025-01-26,32.55822917695949,25.521531912493938,39.05693949393926
2025-01-27,32.53915646960997,26.4677590750542,39.63859743114691
2025-01-28,33.398260934530605,26.6180293752828,40.09595305029377
2025-01-29,33.1328144459379,25.800165734318742,40.22631289087429
2025-01-30,33.21043124028367,26.72112741191057,40.24041934410933
2025-01-31,32.602799001133334,25.694470907613848,39.55788081099384
2025-02-01,33.56961611299778,26.312499318313158,40.374356878218826
2025-02-02,32.56590607748768,25.820660551922305,39.1870393351554
2025-02-03,32.54683337014017,26.215056146717004,39.90153012557718
2025-02-04,33.405937835056854,26.59134760333679,40.09403972904493
2025-02-05,33.140491347673084,25.85110452280503,39.65522858069352
2025-02-06,33.21810814321784,26.281494448764676,40.525738656832544
2025-02-07,32.61047590526948,25.26760949731386,39.03672535545385
2025-02-08,33.577293018336974,26.88684923329848,40.73761430054292
2025-02-09,32.57358298403005,25.69590097917595,39.731627704817356
2025-02-10,32.554510277881676,25.541346487936877,39.60731665005046
2025-02-11,33.41361474400413,26.420694582197974,40.35527960230991
2025-02-12,33.148168256616074,26.583115274258358,39.89156941564133
2025-02-13,33.22578505216073,26.31161323553156,40.618073312293646
2025-02-14,32.618152814213666,25.8354575730609,38.966591032285116
2025-02-15,33.584969927281826,26.736659676242976,41.31829302718466
2025-02-16,32.58125989297417,25.53100319949975,39.44472215604421
2025-02-17,32.56218718682507,25.91947997961124,39.460153291749066
2025-02-18,33.42129165294645,26.50980319633946,40.67822683513045
2025-02-19,33.15584516556085,26.04705375276691,40.445232318906335
2025-02-20,33.23346196110504,26.153392009356246,39.96440559222982
2025-02-21,32.62582972315637,25.519179993195955,39.36902289073722
2025-02-22,33.59264683622349,26.407655584375636,40.84595178403488
2025-02-23,32.58893680191792,25.462172919229364,39.66729602596284
2025-02-24,32.56986409577116,25.828134295302362,39.70528550128743
2025-02-25,33.428968561891246,26.148670831242228,40.435826156795656
2025-02-26,33.163522074505615,26.076617349542527,40.700332107799554
2025-02-27,33.24113887004944,26.531035248803338,40.3677194469221
2025-02-28,32.63350663317188,25.80041484469274,39.430866160842776
2025-03-01,33.600323747311016,26.84846933594104,40.06537564155646
2025-03-02,32.59661371407331,25.863260736302042,39.68814503449876
2025-03-03,32.577541008995574,25.965467703906846,39.69022370738969
2025-03-04,33.436645476189845,26.384565579545587,40.41892240162504
2025-03-05,33.17119898987485,26.4055713894101,40.15273463861671
2025-03-06,33.248815786492386,26.693396415174085,40.198756060381264
2025-03-07,32.64118354961492,25.53507159327079,39.587464699944704
2025-03-08,33.60800066375362,27.09058863181408,40.69581853220527
2025-03-09,32.60429063051403,25.47269902791829,39.532244156112675
2025-03-10,32.585217925441015,26.050578766748995,39.798428734438176
2025-03-11,33.44432239263399,25.958475843912506,40.13199960808404
2025-03-12,33.178875906318964,26.572822387141667,40.3612297855603
2025-03-13,33.25649270293462,26.481770616020665,40.10571337327619
2025-03-14,32.64886046605845,25.176644765321207,39.66119102188033
2025-03-15,33.615677580196724,26.61446459356457,40.89714678620916
2025-03-16,32.61196754695952,25.052956295911358,39.133860101241325
2025-03-17,32.592894841881055,25.7757084598712,39.580179213881415
2025-03-18,33.45199930907566,26.487682050084274,40.03521737599822
2025-03-19,33.186552822761314,26.404338184104386,40.10892623346716
2025-03-20,33.26416961937979,26.33559119180738,40.38282191506304
2025-03-21,32.65653738250149,25.50412847489404,40.08779708675747
2025-03-22,33.62335449663933,26.388156900968735,40.44044862856726
2025-03-23,32.61964446340024,25.383262083923377,39.66528077720916
2025-03-24,32.600571765006244,26.10608848837282,39.63209148102649
2025-03-25,33.45967623887931,26.400388750505613,40.190331439309205
2025-03-26,33.194229759244614,26.512359561498247,40.06415801414303
2025-03-27,33.27184656254174,26.4287637183714,40.21329008793643
2025-03-28,32.664214332344244,25.61384603383486,39.71186458560313
2025-03-29,33.631031453162024,26.42007589694538,40.25450206095399
2025-03-30,32.62732142660159,25.943611609904156,39.69262886934712
2025-03-31,32.6082487282056,25.796867956601634,39.40581377611713
2025-04-01,33.467353202079224,26.98290831018993,40.83214319173294
2025-04-02,33.2019067224452,26.5652616673836,39.75548499657385
2025-04-03,33.27952352574293,26.670843630263708,40.59028918362608
2025-04-04,32.67189129554552,25.757703080013687,39.37548944472636
2025-04-05,33.638708416362874,25.938164239180495,40.092310447287815
2025-04-06,32.63499838980566,25.667502581639788,39.66065240631451
2025-04-07,32.615925691406595,25.493005110393085,39.77142998601147
2025-04-08,33.47503016528408,26.58536003589563,40.71930415036519
2025-04-09,33.209583685647566,26.489090205396856,40.61368833588371
2025-04-10,33.287200488943405,26.275541811336005,40.30492923334955
2025-04-11,32.67956825874534,25.345951075201313,39.641742117928366
2025-04-12,33.64638537956531,27.04021031385654,40.63406233824071
2025-04-13,32.642675353007014,25.460291054721782,39.033161274336024
2025-04-14,32.62360265460757,25.841652911729074,40.07071306667078
2025-04-15,33.482707128484,26.352463318661492,41.105130113823066
2025-04-16,33.217260649742165,26.290088265779133,40.54171922012482
2025-04-17,33.29487745393202,26.259473594571467,40.477174708972385
2025-04-18,32.68724522462931,26.35416570316153,40.04901935878584
2025-04-19,33.65406234634084,26.597916339436495,40.73072266673867
2025-04-20,32.650352320678685,26.11262714352374,39.46508791756733
2025-04-21,32.63127962317564,25.868545039961763,39.834386506798666
2025-04-22,33.49038409794196,26.76308598905028,40.47800479902635
2025-04-23,33.22493761920298,26.48091323824782,39.96453554029887
2025-04-24,33.30255442339166,26.77614378181884,40.569255589733096
2025-04-25,32.694922194089536,26.018527504671006,40.33725926711005
2025-04-26,33.66173931580173,26.640068516839424,40.55524687440339
2025-04-27,32.65802929014122,25.786608485907095,39.556310123041676
2025-04-28,32.638956592637776,25.470528997952222,39.39922783993952
2025-04-29,33.49806106740281,26.896372202400162,40.34296127687686
2025-04-30,33.23261458866025,26.079617219664,40.0330673148588
2025-05-01,33.310231392851314,26.262840501423135,40.06782020002626
2025-05-02,32.70259916354927,25.496719646998983,39.82301360153554
2025-05-03,33.66941628525995,26.460591123941267,40.56967399737564
2025-05-04,32.66570625959865,25.770350581900352,39.644464323078665
2025-05-05,32.646633562097215,26.052626868448357,39.31812924215973
2025-05-06,33.505738036863654,26.91462348941053,40.82436206151078
2025-05-07,33.240291558121065,26.98364546347837,40.25734464781118
2025-05-08,33.317908362312465,26.9361988808381,40.09409288091086
2025-05-09,32.71027613300901,25.832551714943698,39.63398788042079
2025-05-10,33.677093254720845,27.3114411092563,40.625063578838656
2025-05-11,32.67338322906084,25.670005165300793,39.108031871164286
2025-05-12,32.65431053155665,25.853936121761237,39.19332500147149
2025-05-13,33.51341500632203,26.643200512161883,40.30126123618716
2025-05-14,33.24796852758011,26.28434542011146,40.61250677095938
2025-05-15,33.3255853317714,26.361373777522346,39.44988226981313
2025-05-16,32.71795310246923,25.933390058333945,39.174369558246866
2025-05-17,33.68477022418015,27.026428126449733,40.99692525239062
2025-05-18,32.68106019851826,25.829994791778145,39.450066646910145
2025-05-19,32.66198750101448,25.04586777220585,39.941398856277324
2025-05-20,33.52109197578246,26.77338102093236,40.588178681807
2025-05-21,33.25564549704093,26.536493542005843,40.388345717694115
2025-05-22,33.333262301231755,26.55687575373894,40.61740508819008
2025-05-23,32.72563007192945,25.67192000064033,39.72223797352532
2025-05-24,33.69244719363996,26.749068456033626,40.55131861280627
2025-05-25,32.68873716797807,26.1465237939356,39.867217762984865
2025-05-26,32.66966447047661,26.07592464933031,39.45453743752842
2025-05-27,33.52876894524084,26.46772157219991,40.2542701881539
2025-05-28,33.26332246649997,26.093960487212986,40.08414975000506
2025-05-29,33.34093927069069,25.699228421588586,40.70720368428724
2025-05-30,32.73330704138821,25.669517822965922,39.2699062528179
2025-05-31,33.70012416309926,26.57428471891551,41.157660059784256
2025-06-01,32.6964141374355,26.167608302256077,38.833762759399775
2025-06-02,32.67734143993336,25.730310606141607,40.0448486650634
2025-06-03,33.53644591470416,26.55009474955121,40.53167927617931
2025-06-04,33.27099943596073,26.49279984908676,40.21826619979674
2025-06-05,33.348616240150335,26.864883456182138,40.609250660626934
2025-06-06,32.74098401084795,25.80884455640331,39.69886112924838
2025-06-07,33.70780113256016,26.878272828456687,40.92493553975238
2025-06-08,32.7040911068953,25.364611484010563,39.44177037757122
2025-06-09,32.68501840939549,25.807289343333906,39.55359315322589
2025-06-10,33.54412288416253,26.256654084613537,40.224582373968694
2025-06-11,33.27867640541978,26.450488963985492,40.35778379962262
2025-06-12,33.35629320960927,26.23365486374093,40.21507997872276
2025-06-13,32.74866098030817,24.91205397770277,39.45881816584166
2025-06-14,33.71547810201787,26.56455955286885,40.70226620183343
2025-06-15,32.71176807635783,25.74173744580464,39.15863708480859
2025-06-16,32.69269537885062,26.022515966257437,40.249119077229544
2025-06-17,33.5517998536209,26.785943607573156,40.61871999488994
2025-06-18,33.28635337488059,26.074011154035958,40.16005691788146
2025-06-19,33.36397017906892,26.116830023930284,40.36436706373682
2025-06-20,32.75633794976596,25.195878783416557,39.22090733824126
2025-06-21,33.72315507147877,26.19194203260423,40.46863788486004
2025-06-22,32.71944504581763,26.000949808117937,39.93029782221424
2025-06-23,32.700372348312754,25.480675383321707,39.68609928011361
2025-06-24,33.559476823081745,26.64157449970816,40.82702342523497
2025-06-25,33.29403034433787,26.615681788866393,39.98876560509408
2025-06-26,33.37164714853009,26.3674232076084,40.23426541449428
2025-06-27,32.76401491922667,25.684010457974153,39.62847181425306
2025-06-28,33.73083204093967,26.79957857277543,40.76465775881291
2025-06-29,32.727122015275064,25.848177046827097,39.87015685360432
2025-06-30,32.70804931777219,25.573461286790987,39.071066062174694
2025-07-01,33.56715379253723,26.426840746026823,40.37455116752178
2025-07-02,33.30170731379869,26.31682844680185,40.2168334313124
2025-07-03,33.37932411799044,26.413206649113608,40.4636386200193
2025-07-04,32.771691888686405,25.677367161730857,39.26779980359305
2025-07-05,33.73850901039897,26.797294747029635,40.880315097380276
2025-07-06,32.734798984737246,25.43795081053161,39.85723474659083
2025-07-07,32.71572628723163,25.614299027908963,39.755643862362994
2025-07-08,33.574830762000545,26.968473369431603,40.6505388404159
2025-07-09,33.309384283259504,25.96210323264324,40.92046824963147
2025-07-10,33.38700108744938,26.61895371495741,40.197994756204814
2025-07-11,32.77936885814663,25.556474752086864,39.725542284221866
2025-07-12,33.74618597986037,27.019938938247087,40.6749621302314
2025-07-13,32.7424759541974,26.1038459621649,39.83134995829638
2025-07-14,32.72340325669107,26.107928385086932,39.6483820278819
2025-07-15,33.582507731458925,26.620061573969743,40.0380129998111
2025-07-16,33.31706125271854,26.648508631758375,40.4391065861607
2025-07-17,33.394678056910536,26.634115106160394,40.18916399334689
2025-07-18,32.78704582760685,26.06368156382504,38.82976179192984
2025-07-19,33.75386294931809,26.569227832665604,40.73257772892079
2025-07-20,32.750152923659584,25.80069424416653,40.01292451865394
2025-07-21,32.7310802261532,25.967040498967876,39.32407007572309
2025-07-22,33.59018470091977,26.326014302439553,40.41771479304451
2025-07-23,33.32473822218107,26.22034136884415,39.964057218461406
2025-07-24,33.40235502636947,26.43916741365331,40.76529537949563
2025-07-25,32.79472279706709,25.613656079343034,39.911618527881636
2025-07-26,33.761539918778986,26.891844671988817,41.222464042354346
2025-07-27,32.75782989311701,25.70495151240348,39.867602019972864
2025-07-28,32.73875719561102,25.692164314349526,39.596000071378064
2025-07-29,33.59786167038062,27.15392683540356,40.31404345643117
2025-07-30,33.33241519163658,26.127719739075342,40.456452113168574
2025-07-31,33.41003199582982,26.175985676101963,40.40773705119252
2025-08-01,32.802399766526825,25.799730354040022,39.46699241220339
2025-08-02,33.76921688823829,26.51108047701689,40.516382917811285
2025-08-03,32.76550686257444,25.794690262289226,39.3534241729695
2025-08-04,32.74643416507316,24.83948510798124,39.59831709182125
2025-08-05,33.60553863984146,26.72974367885112,40.54385260946106
2025-08-06,33.34009216109739,26.43503875768557,40.28186033600238
2025-08-07,33.41770896528876,26.389799694454567,40.34574630867646
2025-08-08,32.810076735985085,25.597257213556162,39.56871987856644
2025-08-09,33.7768938576976,26.81086820298691,40.59926067653645
2025-08-10,32.77318383203662,25.687099194143347,40.11793257688645
2025-08-11,32.75411113452991,25.966772956073992,39.45223908702606
2025-08-12,33.613215609299836,26.85241461556422,40.33402965548926
2025-08-13,33.34776913055815,26.25622808527439,40.08440026293712
2025-08-14,33.425385934747695,26.34217616107396,40.51861233506341
2025-08-15,32.81775370544482,26.255817918725914,39.834126338383655
2025-08-16,33.7845708271574,26.499562627933052,40.253982651582646
2025-08-17,32.78086080149405,26.20433154125046,40.37636089017439
2025-08-18,32.76178810399204,26.077152723774898,39.745106409486034
2025-08-19,33.6208925787578,26.6552949135457,40.694603877575865
2025-08-20,33.355446100018966,26.3549460035511,40.60270870240858
2025-08-21,33.43306290420805,26.955203315615886,40.297818054982855
2025-08-22,32.82543067490554,26.07009060851996,39.78519056826802
2025-08-23,33.7922477966167,26.466739895387203,40.566437737020934
2025-08-24,32.78853777095659,25.955698768056983,39.462965030309846
2025-08-25,32.76946507345417,25.613233680049728,39.4523194887288
2025-08-26,33.62856954821864,27.517790560949756,40.55191495073941
2025-08-27,33.363123069478014,26.344867667536406,40.798544061276026
2025-08-28,33.440739873666985,26.499273483526355,40.35664533883493
2025-08-29,32.83310764436528,26.014143300179548,39.958372287264424
2025-08-30,33.79992476607602,27.091951597328922,40.26865543193504
2025-08-31,32.79621474041401,26.246902518149724,39.42821148435485
2025-09-01,32.77714204291092,26.070743543672226,39.585055272583965
2025-09-02,33.63624651768197,26.492254960301747,40.60213376990753
2025-09-03,33.370800038937055,26.629521643087852,40.47715499507821
2025-09-04,33.44841684312814,26.161664035335086,40.55146328040232
2025-09-05,32.84078461382501,25.561654683507598,40.41330215013683
2025-09-06,33.80760173553691,26.67556077177066,41.268030836437795
2025-09-07,32.80389170987381,25.9541568742649,40.2123997216737
2025-09-08,32.78481901237305,26.05684401552408,39.87786085070564
2025-09-09,33.64392348713746,26.374934788457317,41.13949207737148
2025-09-10,33.3784770083961,26.879767841994443,40.157132559902585
2025-09-11,33.456093812587085,26.739609078805202,40.658971499861465
2025-09-12,32.84846158328377,26.04552743714146,39.90457673202338
2025-09-13,33.815278704994626,26.985098744917323,40.32932674950502
2025-09-14,32.81156867933362,26.396285978917714,39.99898406238286
2025-09-15,32.792495981830875,25.388326868807326,40.0319329026986
2025-09-16,33.6516004565983,26.892673499923198,40.694018424286895
2025-09-17,33.386153977856914,25.747796604566688,39.957556487108576
2025-09-18,33.46377078204673,26.707570442709066,39.82572598766979
2025-09-19,32.85613855274351,25.601656141359772,40.27216379885637
2025-09-20,33.82295567445602,26.87200827934146,40.45537984768792
2025-09-21,32.81924564879342,25.77902620831873,39.84846874855622
2025-09-22,32.80017295129301,25.695543067235064,39.74082721494023
2025-09-23,33.65927742605666,27.177900164241805,40.75749715427627
2025-09-24,33.39383094731419,26.243307553834683,40.59860176509447
2025-09-25,33.47144775150638,26.001080011342946,40.48799623994397
2025-09-26,32.86381552220423,26.04314447991427,39.89707402862826
2025-09-27,33.83063264391533,27.497032782533154,41.09244078163671
2025-09-28,32.826922618250855,25.57758000498247,40.02219760389737
2025-09-29,32.80784992074975,25.289440122951675,39.922473272369025
2025-09-30,33.666954395515035,26.444652930849024,40.224663565325784
2025-10-01,33.401507916776715,26.19797751588682,40.64879279740207
2025-10-02,33.47912472096603,26.62538409990065,40.70540956091057
2025-10-03,32.871492491663965,26.34539473365841,39.806785773452354
2025-10-04,33.838309613376225,26.930612109101503,41.000366352172
2025-10-05,32.834599587713036,25.69713798642274,39.64790307840019
2025-10-06,32.81552689020758,24.953407214901173,39.930565632483706
2025-10-07,33.67463136497836,26.681261643462683,40.5520906697563
2025-10-08,33.409184886235764,26.079997206507723,40.35589592775056
2025-10-09,33.486801690427185,26.59599806993266,40.32972937739182
2025-10-10,32.879169461124185,26.054958128448067,39.340724849037706
2025-10-11,33.84598658283712,26.92104197972243,41.33138449264524
2025-10-12,32.84227655717319,26.48877600094189,40.52454116976649
2025-10-13,32.82320385966701,26.052531414402264,39.93179572332039
2025-10-14,33.682308334436726,26.537583571179212,40.3707277130851
2025-10-15,33.41686185569658,26.25342394346929,39.908575035142356
2025-10-16,33.49447865988682,26.20128761447765,40.56352411879618
2025-10-17,32.88684643058245,25.583858737170566,40.02453704912255
2025-10-18,33.85366355229485,26.899783540636655,40.46188408111966
2025-10-19,32.849953526632994,26.093115634565176,39.68823194711917
2025-10-20,32.83088082912915,25.522770117618716,39.32031146779281
2025-10-21,33.68998530389758,26.55415558234671,40.13247924288484
2025-10-22,33.42453882515739,26.05289647281323,40.321132005768575
2025-10-23,33.50215562934576,26.972688729959902,40.78092421527408
2025-10-24,32.89452340004268,25.856827510638812,39.74780745289986
2025-10-25,33.86134052175574,27.318466601439756,41.123774330349214
2025-10-26,32.8576304960928,26.10523344807021,39.84645799801774
2025-10-27,32.83855779858859,26.369105820165924,39.929664405063164
2025-10-28,33.69766227335554,26.978356877185973,40.488424192656296
2025-10-29,33.43221579461467,26.480957703060167,39.96313323231235
2025-10-30,33.50983259880611,26.790898291881984,40.41924276906282
2025-10-31,32.90220036950242,26.028069270840454,39.92139845474188
2025-11-01,33.86901749121505,27.12872996476443,41.348201336650476
2025-11-02,32.86530746555533,25.799613119715357,39.49927704841396
2025-11-03,32.84623476805073,25.680105288215284,39.51924281934868
2025-11-04,33.705339242816386,26.964835526051697,41.16273515615626
2025-11-05,33.43989276407548,26.02222764765607,40.17480738369029
2025-11-06,33.51750956826505,26.762790730591895,40.92376617559679
2025-11-07,32.909877338962644,26.32061520210203,39.887199506083505
2025-11-08,33.87669446067484,27.01874320975277,41.04151481183217
2025-11-09,32.87298443501514,26.281459643594303,40.15653348067267
2025-11-10,32.853911737507474,25.89766950027195,39.40591212591094
2025-11-11,33.71301621227476,26.78674693248945,40.79981139857131
2025-11-12,33.44756973353447,26.428739255582833,40.049116259554104
2025-11-13,33.52518653772621,26.640319292605408,40.43047015758763
2025-11-14,32.91755430842238,25.93009016583355,40.15334597900013
2025-11-15,33.88437143013415,26.9448389939997,41.322761696920075
2025-11-16,32.88066140447494,25.923360928370272,39.4232793583217
2025-11-17,32.861588706969606,25.51223215420851,39.52746420231806
2025-11-18,33.720693181735605,26.96384754879194,40.87845383730584
2025-11-19,33.45524670299528,26.306865094826627,39.91305295497978
2025-11-20,33.53286350718586,26.848803846892388,40.63314367676855
2025-11-21,32.92523127788309,25.86003536068558,39.311614413015526
2025-11-22,33.892048399593456,26.93633944825687,40.624262487051965
2025-11-23,32.88833837393237,25.9901399849751,40.153976473131344
2025-11-24,32.869265676427425,25.642674571865374,39.87896200984452
2025-11-25,33.72837015119397,26.73500868206222,40.127673904008645
2025-11-26,33.46292367245434,26.45134243586542,39.93486024741952
2025-11-27,33.5405404766455,26.957371105161037,40.232129768399695
2025-11-28,32.93290824734283,25.160770598642898,39.923045676826504
2025-11-29,33.899725369053265,26.726979777339476,40.9300831964659
2025-11-30,32.8960153433898,25.856022646720312,39.72869719177476
2025-12-01,32.87694264588686,26.225068472507783,39.579657428844456
2025-12-02,33.7360471206573,26.955192108765278,40.772445943101864
2025-12-03,33.47060064191338,26.62584647210473,40.39775390764099
2025-12-04,33.548217446104445,26.398904284639183,40.44194387008814
2025-12-05,32.9405852168011,25.985254629186073,39.73918475944135
2025-12-06,33.90740233851417,26.725521370003797,40.450059843876325
2025-12-07,32.9036923128496,26.02334142433902,39.959705748649235
2025-12-08,32.884619615346296,25.977768915879473,40.54949785327664
